insert into warehouse_codes(version, id) values (1, 3403434);
insert into warehouse_codes(version, id) values (1, 3402002);
insert into warehouse_codes(version, id) values (1, 3402003);
insert into customers(version, id) values (1, 5340672);
insert into customers(version, id) values (1, 5003269);
insert into customers(version, id) values (1, 9066250);
insert into customers(version, id) values (1, 9001746);
insert into customers(version, id) values (1, 5029913);
insert into customers(version, id) values (1, 5002915);
insert into customers(version, id) values (1, 5335348);
insert into customers(version, id) values (1, 5006517);
insert into customers(version, id) values (1, 5262267);
insert into customers(version, id) values (1, 5003451);
insert into customers(version, id) values (1, 5334855);
insert into customers(version, id) values (1, 5293132);
insert into customers(version, id) values (1, 5003474);
insert into customers(version, id) values (1, 5397843);
insert into customers(version, id) values (1, 5003476);
insert into customers(version, id) values (1, 5494889);
insert into customers(version, id) values (1, 5486697);
insert into customers(version, id) values (1, 115);
insert into customers(version, id) values (1, 5340669);
insert into items(version, id) values (1, 942082);
insert into items(version, id) values (1, 8794115);
insert into items(version, id) values (1, 942103);
insert into items(version, id) values (1, 942104);
insert into items(version, id) values (1, 847898);
insert into items(version, id) values (1, 1199005728);
insert into items(version, id) values (1, 862261);
insert into items(version, id) values (1, 956471);
insert into items(version, id) values (1, 956472);
insert into items(version, id) values (1, 956473);
insert into items(version, id) values (1, 956474);
insert into items(version, id) values (1, 933949);
insert into items(version, id) values (1, 944191);
insert into items(version, id) values (1, 866370);
insert into items(version, id) values (1, 862275);
insert into items(version, id) values (1, 841800);
insert into items(version, id) values (1, 927818);
insert into items(version, id) values (1, 862286);
insert into items(version, id) values (1, 9357392);
insert into items(version, id) values (1, 9357393);
insert into items(version, id) values (1, 9291861);
insert into items(version, id) values (1, 8902742);
insert into items(version, id) values (1, 950359);
insert into items(version, id) values (1, 991319);
insert into items(version, id) values (1, 8902753);
insert into items(version, id) values (1, 8206444);
insert into items(version, id) values (1, 8902764);
insert into items(version, id) values (1, 9203822);
insert into items(version, id) values (1, 841841);
insert into items(version, id) values (1, 927858);
insert into items(version, id) values (1, 841842);
insert into items(version, id) values (1, 8902772);
insert into items(version, id) values (1, 927866);
insert into items(version, id) values (1, 927868);
insert into items(version, id) values (1, 8902781);
insert into items(version, id) values (1, 927870);
insert into items(version, id) values (1, 927871);
insert into items(version, id) values (1, 1199001724);
insert into items(version, id) values (1, 8206472);
insert into items(version, id) values (1, 927881);
insert into items(version, id) values (1, 882840);
insert into items(version, id) values (1, 8880283);
insert into items(version, id) values (1, 964764);
insert into items(version, id) values (1, 964765);
insert into items(version, id) values (1, 964768);
insert into items(version, id) values (1, 8622242);
insert into items(version, id) values (1, 8695976);
insert into items(version, id) values (1, 952494);
insert into items(version, id) values (1, 882864);
insert into items(version, id) values (1, 964787);
insert into items(version, id) values (1, 964796);
insert into items(version, id) values (1, 8128704);
insert into items(version, id) values (1, 964800);
insert into items(version, id) values (1, 964805);
insert into items(version, id) values (1, 964806);
insert into items(version, id) values (1, 8794311);
insert into items(version, id) values (1, 964809);
insert into items(version, id) values (1, 893133);
insert into items(version, id) values (1, 9373901);
insert into items(version, id) values (1, 952530);
insert into items(version, id) values (1, 964823);
insert into items(version, id) values (1, 964824);
insert into items(version, id) values (1, 8902871);
insert into items(version, id) values (1, 854235);
insert into items(version, id) values (1, 964827);
insert into items(version, id) values (1, 854236);
insert into items(version, id) values (1, 8902881);
insert into items(version, id) values (1, 952547);
insert into items(version, id) values (1, 8128741);
insert into items(version, id) values (1, 9017582);
insert into items(version, id) values (1, 905456);
insert into items(version, id) values (1, 964848);
insert into items(version, id) values (1, 964859);
insert into items(version, id) values (1, 950525);
insert into items(version, id) values (1, 905470);
insert into items(version, id) values (1, 905471);
insert into items(version, id) values (1, 9292031);
insert into items(version, id) values (1, 9672961);
insert into items(version, id) values (1, 946442);
insert into items(version, id) values (1, 872720);
insert into items(version, id) values (1, 872721);
insert into items(version, id) values (1, 872723);
insert into items(version, id) values (1, 872725);
insert into items(version, id) values (1, 872726);
insert into items(version, id) values (1, 872729);
insert into items(version, id) values (1, 893210);
insert into items(version, id) values (1, 872730);
insert into items(version, id) values (1, 8479004);
insert into items(version, id) values (1, 872731);
insert into items(version, id) values (1, 8859933);
insert into items(version, id) values (1, 964899);
insert into items(version, id) values (1, 946468);
insert into items(version, id) values (1, 964912);
insert into items(version, id) values (1, 983347);
insert into items(version, id) values (1, 9374012);
insert into items(version, id) values (1, 948543);
insert into items(version, id) values (1, 848217);
insert into items(version, id) values (1, 8413542);
insert into items(version, id) values (1, 8413543);
insert into items(version, id) values (1, 9460071);
insert into items(version, id) values (1, 950635);
insert into items(version, id) values (1, 950639);
insert into items(version, id) values (1, 950640);
insert into items(version, id) values (1, 932210);
insert into items(version, id) values (1, 1199024513);
insert into items(version, id) values (1, 911748);
insert into items(version, id) values (1, 911750);
insert into items(version, id) values (1, 911752);
insert into items(version, id) values (1, 848267);
insert into items(version, id) values (1, 889228);
insert into items(version, id) values (1, 9263501);
insert into items(version, id) values (1, 9646491);
insert into items(version, id) values (1, 9505181);
insert into items(version, id) values (1, 8729002);
insert into items(version, id) values (1, 999855);
insert into items(version, id) values (1, 8223161);
insert into items(version, id) values (1, 9126352);
insert into items(version, id) values (1, 9126353);
insert into items(version, id) values (1, 9126363);
insert into items(version, id) values (1, 9126371);
insert into items(version, id) values (1, 989668);
insert into items(version, id) values (1, 999916);
insert into items(version, id) values (1, 8290801);
insert into items(version, id) values (1, 948726);
insert into items(version, id) values (1, 9505272);
insert into items(version, id) values (1, 989694);
insert into items(version, id) values (1, 8755731);
insert into items(version, id) values (1, 946718);
insert into items(version, id) values (1, 997928);
insert into items(version, id) values (1, 9003561);
insert into items(version, id) values (1, 997929);
insert into items(version, id) values (1, 9003562);
insert into items(version, id) values (1, 8755761);
insert into items(version, id) values (1, 9126451);
insert into items(version, id) values (1, 844345);
insert into items(version, id) values (1, 9126461);
insert into items(version, id) values (1, 997954);
insert into items(version, id) values (1, 926275);
insert into items(version, id) values (1, 926279);
insert into items(version, id) values (1, 9226841);
insert into items(version, id) values (1, 8571482);
insert into items(version, id) values (1, 8757852);
insert into items(version, id) values (1, 967263);
insert into items(version, id) values (1, 8755811);
insert into items(version, id) values (1, 9329251);
insert into items(version, id) values (1, 946800);
insert into items(version, id) values (1, 8209012);
insert into items(version, id) values (1, 946804);
insert into items(version, id) values (1, 8755831);
insert into items(version, id) values (1, 8575613);
insert into items(version, id) values (1, 8575614);
insert into items(version, id) values (1, 8209022);
insert into items(version, id) values (1, 8757892);
insert into items(version, id) values (1, 8575624);
insert into items(version, id) values (1, 946826);
insert into items(version, id) values (1, 9271951);
insert into items(version, id) values (1, 897690);
insert into items(version, id) values (1, 828086);
insert into items(version, id) values (1, 969399);
insert into items(version, id) values (1, 969400);
insert into items(version, id) values (1, 953017);
insert into items(version, id) values (1, 969402);
insert into items(version, id) values (1, 969401);
insert into items(version, id) values (1, 893626);
insert into items(version, id) values (1, 926403);
insert into items(version, id) values (1, 8129221);
insert into items(version, id) values (1, 8755911);
insert into items(version, id) values (1, 8755921);
insert into items(version, id) values (1, 967378);
insert into items(version, id) values (1, 987868);
insert into items(version, id) values (1, 920289);
insert into items(version, id) values (1, 500449);
insert into items(version, id) values (1, 9460451);
insert into items(version, id) values (1, 920292);
insert into items(version, id) values (1, 920293);
insert into items(version, id) values (1, 500450);
insert into items(version, id) values (1, 8481511);
insert into items(version, id) values (1, 926446);
insert into items(version, id) values (1, 897785);
insert into items(version, id) values (1, 8209153);
insert into items(version, id) values (1, 8481541);
insert into items(version, id) values (1, 8481542);
insert into items(version, id) values (1, 942865);
insert into items(version, id) values (1, 8803112);
insert into items(version, id) values (1, 8104755);
insert into items(version, id) values (1, 9126711);
insert into items(version, id) values (1, 8444743);
insert into items(version, id) values (1, 920397);
insert into items(version, id) values (1, 920400);
insert into items(version, id) values (1, 8418133);
insert into items(version, id) values (1, 8209263);
insert into items(version, id) values (1, 9431931);
insert into items(version, id) values (1, 8795005);
insert into items(version, id) values (1, 9431941);
insert into items(version, id) values (1, 8022921);
insert into items(version, id) values (1, 8022922);
insert into items(version, id) values (1, 8297356);
insert into items(version, id) values (1, 8022932);
insert into items(version, id) values (1, 8022933);
insert into items(version, id) values (1, 9649051);
insert into items(version, id) values (1, 8418203);
insert into items(version, id) values (1, 8803232);
insert into items(version, id) values (1, 9122721);
insert into items(version, id) values (1, 9431971);
insert into items(version, id) values (1, 9245611);
insert into items(version, id) values (1, 9431981);
insert into items(version, id) values (1, 924593);
insert into items(version, id) values (1, 8803251);
insert into items(version, id) values (1, 9122741);
insert into items(version, id) values (1, 918460);
insert into items(version, id) values (1, 8803261);
insert into items(version, id) values (1, 9581501);
insert into items(version, id) values (1, 918463);
insert into items(version, id) values (1, 895933);
insert into items(version, id) values (1, 9122751);
insert into items(version, id) values (1, 861126);
insert into items(version, id) values (1, 8803271);
insert into items(version, id) values (1, 861128);
insert into items(version, id) values (1, 918470);
insert into items(version, id) values (1, 861127);
insert into items(version, id) values (1, 861129);
insert into items(version, id) values (1, 861131);
insert into items(version, id) values (1, 861133);
insert into items(version, id) values (1, 861130);
insert into items(version, id) values (1, 990157);
insert into items(version, id) values (1, 9122762);
insert into items(version, id) values (1, 990158);
insert into items(version, id) values (1, 861132);
insert into items(version, id) values (1, 861134);
insert into items(version, id) values (1, 895956);
insert into items(version, id) values (1, 924629);
insert into items(version, id) values (1, 924628);
insert into items(version, id) values (1, 963543);
insert into items(version, id) values (1, 924630);
insert into items(version, id) values (1, 922586);
insert into items(version, id) values (1, 924637);
insert into items(version, id) values (1, 9122781);
insert into items(version, id) values (1, 924638);
insert into items(version, id) values (1, 887776);
insert into items(version, id) values (1, 924643);
insert into items(version, id) values (1, 8705001);
insert into items(version, id) values (1, 8932331);
insert into items(version, id) values (1, 902126);
insert into items(version, id) values (1, 918511);
insert into items(version, id) values (1, 8803312);
insert into items(version, id) values (1, 961522);
insert into items(version, id) values (1, 918515);
insert into items(version, id) values (1, 8803323);
insert into items(version, id) values (1, 9319421);
insert into items(version, id) values (1, 918526);
insert into items(version, id) values (1, 8805374);
insert into items(version, id) values (1, 918527);
insert into items(version, id) values (1, 8805376);
insert into items(version, id) values (1, 918533);
insert into items(version, id) values (1, 9319431);
insert into items(version, id) values (1, 8031246);
insert into items(version, id) values (1, 896016);
insert into items(version, id) values (1, 8031256);
insert into items(version, id) values (1, 922648);
insert into items(version, id) values (1, 807973);
insert into items(version, id) values (1, 924710);
insert into items(version, id) values (1, 951341);
insert into items(version, id) values (1, 951344);
insert into items(version, id) values (1, 896049);
insert into items(version, id) values (1, 951345);
insert into items(version, id) values (1, 875577);
insert into items(version, id) values (1, 8418361);
insert into items(version, id) values (1, 875579);
insert into items(version, id) values (1, 875582);
insert into items(version, id) values (1, 986174);
insert into items(version, id) values (1, 875584);
insert into items(version, id) values (1, 875586);
insert into items(version, id) values (1, 875588);
insert into items(version, id) values (1, 951365);
insert into items(version, id) values (1, 951367);
insert into items(version, id) values (1, 875593);
insert into items(version, id) values (1, 812105);
insert into items(version, id) values (1, 500811);
insert into items(version, id) values (1, 500818);
insert into items(version, id) values (1, 978003);
insert into items(version, id) values (1, 978004);
insert into items(version, id) values (1, 9581661);
insert into items(version, id) values (1, 9581671);
insert into items(version, id) values (1, 9581681);
insert into items(version, id) values (1, 978035);
insert into items(version, id) values (1, 889973);
insert into items(version, id) values (1, 8922231);
insert into items(version, id) values (1, 9581691);
insert into items(version, id) values (1, 1199000701);
insert into items(version, id) values (1, 889987);
insert into items(version, id) values (1, 9581701);
insert into items(version, id) values (1, 9581711);
insert into items(version, id) values (1, 951444);
insert into items(version, id) values (1, 830622);
insert into items(version, id) values (1, 951469);
insert into items(version, id) values (1, 9049263);
insert into items(version, id) values (1, 951473);
insert into items(version, id) values (1, 951476);
insert into items(version, id) values (1, 8830132);
insert into items(version, id) values (1, 8209591);
insert into items(version, id) values (1, 951482);
insert into items(version, id) values (1, 875708);
insert into items(version, id) values (1, 875709);
insert into items(version, id) values (1, 875710);
insert into items(version, id) values (1, 875711);
insert into items(version, id) values (1, 978137);
insert into items(version, id) values (1, 9202911);
insert into items(version, id) values (1, 9245921);
insert into items(version, id) values (1, 9430251);
insert into items(version, id) values (1, 8297711);
insert into items(version, id) values (1, 900338);
insert into items(version, id) values (1, 9245941);
insert into items(version, id) values (1, 918777);
insert into items(version, id) values (1, 918779);
insert into items(version, id) values (1, 918780);
insert into items(version, id) values (1, 9374971);
insert into items(version, id) values (1, 802051);
insert into items(version, id) values (1, 802052);
insert into items(version, id) values (1, 8297732);
insert into items(version, id) values (1, 802054);
insert into items(version, id) values (1, 802063);
insert into items(version, id) values (1, 802064);
insert into items(version, id) values (1, 802065);
insert into items(version, id) values (1, 9202962);
insert into items(version, id) values (1, 9430291);
insert into items(version, id) values (1, 802070);
insert into items(version, id) values (1, 802077);
insert into items(version, id) values (1, 802078);
insert into items(version, id) values (1, 929055);
insert into items(version, id) values (1, 9430301);
insert into items(version, id) values (1, 83256610);
insert into items(version, id) values (1, 9430311);
insert into items(version, id) values (1, 967982);
insert into items(version, id) values (1, 503087);
insert into items(version, id) values (1, 992561);
insert into items(version, id) values (1, 996674);
insert into items(version, id) values (1, 992579);
insert into items(version, id) values (1, 992580);
insert into items(version, id) values (1, 943437);
insert into items(version, id) values (1, 943452);
insert into items(version, id) values (1, 943453);
insert into items(version, id) values (1, 929120);
insert into items(version, id) values (1, 943457);
insert into items(version, id) values (1, 8289641);
insert into items(version, id) values (1, 996713);
insert into items(version, id) values (1, 996715);
insert into items(version, id) values (1, 8373609);
insert into items(version, id) values (1, 996714);
insert into items(version, id) values (1, 996720);
insert into items(version, id) values (1, 892273);
insert into items(version, id) values (1, 8373619);
insert into items(version, id) values (1, 8299892);
insert into items(version, id) values (1, 9375091);
insert into items(version, id) values (1, 892278);
insert into items(version, id) values (1, 892279);
insert into items(version, id) values (1, 996725);
insert into items(version, id) values (1, 939387);
insert into items(version, id) values (1, 8871292);
insert into items(version, id) values (1, 8373629);
insert into items(version, id) values (1, 8289662);
insert into items(version, id) values (1, 9020801);
insert into items(version, id) values (1, 992652);
insert into items(version, id) values (1, 992654);
insert into items(version, id) values (1, 992655);
insert into items(version, id) values (1, 830863);
insert into items(version, id) values (1, 830864);
insert into items(version, id) values (1, 830865);
insert into items(version, id) values (1, 992658);
insert into items(version, id) values (1, 992657);
insert into items(version, id) values (1, 992656);
insert into items(version, id) values (1, 992668);
insert into items(version, id) values (1, 992669);
insert into items(version, id) values (1, 9375141);
insert into items(version, id) values (1, 996774);
insert into items(version, id) values (1, 501167);
insert into items(version, id) values (1, 9213361);
insert into items(version, id) values (1, 824755);
insert into items(version, id) values (1, 927156);
insert into items(version, id) values (1, 9317812);
insert into items(version, id) values (1, 824758);
insert into items(version, id) values (1, 951737);
insert into items(version, id) values (1, 9375161);
insert into items(version, id) values (1, 9184701);
insert into items(version, id) values (1, 947652);
insert into items(version, id) values (1, 9375172);
insert into items(version, id) values (1, 992711);
insert into items(version, id) values (1, 992712);
insert into items(version, id) values (1, 8828361);
insert into items(version, id) values (1, 9375182);
insert into items(version, id) values (1, 992725);
insert into items(version, id) values (1, 992728);
insert into items(version, id) values (1, 8828381);
insert into items(version, id) values (1, 937443);
insert into items(version, id) values (1, 8828391);
insert into items(version, id) values (1, 9440761);
insert into items(version, id) values (1, 857595);
insert into items(version, id) values (1, 947708);
insert into items(version, id) values (1, 857600);
insert into items(version, id) values (1, 802305);
insert into items(version, id) values (1, 802308);
insert into items(version, id) values (1, 8828421);
insert into items(version, id) values (1, 9647621);
insert into items(version, id) values (1, 937508);
insert into items(version, id) values (1, 937513);
insert into items(version, id) values (1, 937515);
insert into items(version, id) values (1, 9240111);
insert into items(version, id) values (1, 951862);
insert into items(version, id) values (1, 9700921);
insert into items(version, id) values (1, 9078342);
insert into items(version, id) values (1, 8373831);
insert into items(version, id) values (1, 937554);
insert into items(version, id) values (1, 937555);
insert into items(version, id) values (1, 937556);
insert into items(version, id) values (1, 8022988);
insert into items(version, id) values (1, 945764);
insert into items(version, id) values (1, 949869);
insert into items(version, id) values (1, 958062);
insert into items(version, id) values (1, 949871);
insert into items(version, id) values (1, 949875);
insert into items(version, id) values (1, 9262711);
insert into items(version, id) values (1, 921215);
insert into items(version, id) values (1, 921216);
insert into items(version, id) values (1, 921218);
insert into items(version, id) values (1, 503426);
insert into items(version, id) values (1, 8871561);
insert into items(version, id) values (1, 949898);
insert into items(version, id) values (1, 8871562);
insert into items(version, id) values (1, 9246351);
insert into items(version, id) values (1, 841360);
insert into items(version, id) values (1, 501393);
insert into items(version, id) values (1, 841362);
insert into items(version, id) values (1, 9262741);
insert into items(version, id) values (1, 841369);
insert into items(version, id) values (1, 9225881);
insert into items(version, id) values (1, 9262751);
insert into items(version, id) values (1, 935588);
insert into items(version, id) values (1, 921258);
insert into items(version, id) values (1, 8871594);
insert into items(version, id) values (1, 8804012);
insert into items(version, id) values (1, 9117372);
insert into items(version, id) values (1, 9262781);
insert into items(version, id) values (1, 9117381);
insert into items(version, id) values (1, 968391);
insert into items(version, id) values (1, 8373961);
insert into items(version, id) values (1, 958158);
insert into items(version, id) values (1, 8871631);
insert into items(version, id) values (1, 880336);
insert into items(version, id) values (1, 9262801);
insert into items(version, id) values (1, 958160);
insert into items(version, id) values (1, 958161);
insert into items(version, id) values (1, 958159);
insert into items(version, id) values (1, 8871632);
insert into items(version, id) values (1, 943832);
insert into items(version, id) values (1, 9262811);
insert into items(version, id) values (1, 919261);
insert into items(version, id) values (1, 820958);
insert into items(version, id) values (1, 919266);
insert into items(version, id) values (1, 968422);
insert into items(version, id) values (1, 9262822);
insert into items(version, id) values (1, 8969961);
insert into items(version, id) values (1, 890614);
insert into items(version, id) values (1, 919289);
insert into items(version, id) values (1, 882426);
insert into items(version, id) values (1, 921342);
insert into items(version, id) values (1, 837394);
insert into items(version, id) values (1, 837395);
insert into items(version, id) values (1, 837396);
insert into items(version, id) values (1, 968467);
insert into items(version, id) values (1, 968471);
insert into items(version, id) values (1, 995096);
insert into items(version, id) values (1, 880409);
insert into items(version, id) values (1, 880410);
insert into items(version, id) values (1, 9357081);
insert into items(version, id) values (1, 9226011);
insert into items(version, id) values (1, 9246491);
insert into items(version, id) values (1, 995097);
insert into items(version, id) values (1, 8922912);
insert into items(version, id) values (1, 968483);
insert into items(version, id) values (1, 995107);
insert into items(version, id) values (1, 9226021);
insert into items(version, id) values (1, 993061);
insert into items(version, id) values (1, 9246502);
insert into items(version, id) values (1, 9357091);
insert into items(version, id) values (1, 993067);
insert into items(version, id) values (1, 9357101);
insert into items(version, id) values (1, 9226031);
insert into items(version, id) values (1, 8922931);
insert into items(version, id) values (1, 9117494);
insert into items(version, id) values (1, 968503);
insert into items(version, id) values (1, 9357111);
insert into items(version, id) values (1, 993081);
insert into items(version, id) values (1, 9246522);
insert into items(version, id) values (1, 968508);
insert into items(version, id) values (1, 9357121);
insert into items(version, id) values (1, 9226051);
insert into items(version, id) values (1, 9357131);
insert into items(version, id) values (1, 982861);
insert into items(version, id) values (1, 982862);
insert into items(version, id) values (1, 982863);
insert into items(version, id) values (1, 997201);
insert into items(version, id) values (1, 997202);
insert into items(version, id) values (1, 982866);
insert into items(version, id) values (1, 982867);
insert into items(version, id) values (1, 968531);
insert into items(version, id) values (1, 8949591);
insert into items(version, id) values (1, 9226071);
insert into items(version, id) values (1, 968537);
insert into items(version, id) values (1, 9117533);
insert into items(version, id) values (1, 919390);
insert into items(version, id) values (1, 982884);
insert into items(version, id) values (1, 8308581);
insert into items(version, id) values (1, 888681);
insert into items(version, id) values (1, 982890);
insert into items(version, id) values (1, 8308591);
insert into items(version, id) values (1, 968559);
insert into items(version, id) values (1, 982898);
insert into items(version, id) values (1, 982899);
insert into items(version, id) values (1, 888695);
insert into items(version, id) values (1, 8308601);
insert into items(version, id) values (1, 968570);
insert into items(version, id) values (1, 82902912);
insert into items(version, id) values (1, 8757121);
insert into items(version, id) values (1, 946050);
insert into items(version, id) values (1, 8308611);
insert into items(version, id) values (1, 8757131);
insert into items(version, id) values (1, 8308621);
insert into items(version, id) values (1, 944017);
insert into items(version, id) values (1, 944021);
insert into items(version, id) values (1, 944022);
insert into items(version, id) values (1, 944023);
insert into items(version, id) values (1, 9246621);
insert into items(version, id) values (1, 8757151);
insert into items(version, id) values (1, 944033);
insert into items(version, id) values (1, 888751);
insert into items(version, id) values (1, 8507322);
insert into items(version, id) values (1, 8155073);
insert into items(version, id) values (1, 8957894);
insert into items(version, id) values (1, 862154);
insert into items(version, id) values (1, 8794074);
insert into items(version, id) values (1, 937946);
insert into items(version, id) values (1, 9291741);
insert into items(version, id) values (1, 942047);
insert into items(version, id) values (1, 8957921);
insert into items(version, id) values (1, 8794084);
insert into items(version, id) values (1, 896996);
insert into items(version, id) values (1, 942053);
insert into items(version, id) values (1, 8032232);
insert into items(version, id) values (1, 897001);
insert into items(version, id) values (1, 944107);
insert into items(version, id) values (1, 802796);
insert into items(version, id) values (1, 802797);
insert into items(version, id) values (1, 802798);
insert into items(version, id) values (1, 8794095);
insert into items(version, id) values (1, 933872);
insert into items(version, id) values (1, 976883);
insert into items(version, id) values (1, 942076);
insert into items(version, id) values (1, 942077);
insert into items(version, id) values (1, 8290302);
insert into warehouses(id, version, warehouse_id, customer_id, order_number, item_code, cost, units) values (1, 1, 3403434, 5002915, 20247100, 963543, 381.47, 2);
insert into warehouses(id, version, warehouse_id, customer_id, order_number, item_code, cost, units) values (2, 1, 3403434, 5397843, 20258239, 8902753, 187.03, 250);
insert into warehouses(id, version, warehouse_id, customer_id, order_number, item_code, cost, units) values (3, 1, 3403434, 5397843, 20258239, 8308591, 452.45, 500);
insert into warehouses(id, version, warehouse_id, customer_id, order_number, item_code, cost, units) values (4, 1, 3403434, 5397843, 20258239, 8308621, 452.45, 500);
insert into warehouses(id, version, warehouse_id, customer_id, order_number, item_code, cost, units) values (5, 1, 3403434, 5397843, 20258239, 8022921, 567.16, 400);
insert into warehouses(id, version, warehouse_id, customer_id, order_number, item_code, cost, units) values (6, 1, 3403434, 5397843, 20258239, 8128704, 550.04, 400);
insert into warehouses(id, version, warehouse_id, customer_id, order_number, item_code, cost, units) values (7, 1, 3403434, 5397843, 20258239, 802077, 408.27, 300);
insert into warehouses(id, version, warehouse_id, customer_id, order_number, item_code, cost, units) values (8, 1, 3403434, 5397843, 20258239, 888751, 107.39, 96);
insert into warehouses(id, version, warehouse_id, customer_id, order_number, item_code, cost, units) values (9, 1, 3403434, 5397843, 20258239, 897001, 228.0, 125);
insert into warehouses(id, version, warehouse_id, customer_id, order_number, item_code, cost, units) values (10, 1, 3403434, 5397843, 20258239, 8308601, 180.98, 200);
insert into warehouses(id, version, warehouse_id, customer_id, order_number, item_code, cost, units) values (11, 1, 3403434, 5340669, 20203388, 993081, 24374.43, 153);
insert into warehouses(id, version, warehouse_id, customer_id, order_number, item_code, cost, units) values (12, 1, 3403434, 5340672, 20203383, 993081, 20391.68, 128);
insert into warehouses(id, version, warehouse_id, customer_id, order_number, item_code, cost, units) values (13, 1, 3403434, 5029913, 20258208, 802063, 439.1, 560);
insert into warehouses(id, version, warehouse_id, customer_id, order_number, item_code, cost, units) values (14, 1, 3403434, 5029913, 20258208, 8128741, 5325.82, 2240);
insert into warehouses(id, version, warehouse_id, customer_id, order_number, item_code, cost, units) values (15, 1, 3403434, 5029913, 20258208, 1199005728, 1231.08, 576);
insert into warehouses(id, version, warehouse_id, customer_id, order_number, item_code, cost, units) values (16, 1, 3403434, 5029913, 20258208, 802064, 878.19, 1120);
insert into warehouses(id, version, warehouse_id, customer_id, order_number, item_code, cost, units) values (17, 1, 3403434, 5029913, 20258208, 802077, 1159.49, 960);
insert into warehouses(id, version, warehouse_id, customer_id, order_number, item_code, cost, units) values (18, 1, 3403434, 5029913, 20258208, 9202962, 931.91, 375);
insert into warehouses(id, version, warehouse_id, customer_id, order_number, item_code, cost, units) values (19, 1, 3403434, 5029913, 20258208, 895956, 725.93, 560);
insert into warehouses(id, version, warehouse_id, customer_id, order_number, item_code, cost, units) values (20, 1, 3403434, 5029913, 20258208, 897785, 676.37, 560);
insert into warehouses(id, version, warehouse_id, customer_id, order_number, item_code, cost, units) values (21, 1, 3403434, 5029913, 20258208, 902126, 1806.0, 1120);
insert into warehouses(id, version, warehouse_id, customer_id, order_number, item_code, cost, units) values (22, 1, 3403434, 5029913, 20258208, 9078342, 490.2, 240);
insert into warehouses(id, version, warehouse_id, customer_id, order_number, item_code, cost, units) values (23, 1, 3403434, 5029913, 20258208, 927818, 6870.31, 2160);
insert into warehouses(id, version, warehouse_id, customer_id, order_number, item_code, cost, units) values (24, 1, 3403434, 5029913, 20258208, 935588, 1579.31, 560);
insert into warehouses(id, version, warehouse_id, customer_id, order_number, item_code, cost, units) values (25, 1, 3403434, 5029913, 20258208, 964787, 506.41, 560);
insert into warehouses(id, version, warehouse_id, customer_id, order_number, item_code, cost, units) values (26, 1, 3403434, 5029913, 20258208, 964809, 546.33, 300);
insert into warehouses(id, version, warehouse_id, customer_id, order_number, item_code, cost, units) values (27, 1, 3403434, 5029913, 20258208, 964859, 1191.83, 760);
insert into warehouses(id, version, warehouse_id, customer_id, order_number, item_code, cost, units) values (28, 1, 3403434, 5029913, 20258208, 9672961, 773.96, 400);
insert into warehouses(id, version, warehouse_id, customer_id, order_number, item_code, cost, units) values (29, 1, 3403434, 5029913, 20258208, 992668, 1416.45, 700);
insert into warehouses(id, version, warehouse_id, customer_id, order_number, item_code, cost, units) values (30, 1, 3403434, 5029913, 20258208, 8871561, 1274.78, 1120);
insert into warehouses(id, version, warehouse_id, customer_id, order_number, item_code, cost, units) values (31, 1, 3403434, 5029913, 20258208, 896049, 1115.46, 300);
insert into warehouses(id, version, warehouse_id, customer_id, order_number, item_code, cost, units) values (32, 1, 3403434, 5029913, 20258208, 875577, 424.9, 700);
insert into warehouses(id, version, warehouse_id, customer_id, order_number, item_code, cost, units) values (33, 1, 3403434, 5029913, 20258208, 8902742, 324.86, 375);
insert into warehouses(id, version, warehouse_id, customer_id, order_number, item_code, cost, units) values (34, 1, 3403434, 5029913, 20258208, 875582, 672.84, 700);
insert into warehouses(id, version, warehouse_id, customer_id, order_number, item_code, cost, units) values (35, 1, 3403434, 5029913, 20258208, 8571482, 1295.53, 520);
insert into warehouses(id, version, warehouse_id, customer_id, order_number, item_code, cost, units) values (36, 1, 3403434, 5003451, 21000061, 802051, 31.88, 40);
insert into warehouses(id, version, warehouse_id, customer_id, order_number, item_code, cost, units) values (37, 1, 3403434, 5003451, 21000061, 830864, 29.25, 20);
insert into warehouses(id, version, warehouse_id, customer_id, order_number, item_code, cost, units) values (38, 1, 3403434, 5003451, 21000061, 830863, 43.88, 30);
insert into warehouses(id, version, warehouse_id, customer_id, order_number, item_code, cost, units) values (39, 1, 3403434, 5003451, 21000061, 937555, 15.94, 20);
insert into warehouses(id, version, warehouse_id, customer_id, order_number, item_code, cost, units) values (40, 1, 3403434, 5003451, 21000061, 937554, 15.94, 20);
insert into warehouses(id, version, warehouse_id, customer_id, order_number, item_code, cost, units) values (41, 1, 3403434, 5003451, 21000061, 918533, 29.25, 20);
insert into warehouses(id, version, warehouse_id, customer_id, order_number, item_code, cost, units) values (42, 1, 3403434, 5003451, 21000061, 8957921, 14.02, 20);
insert into warehouses(id, version, warehouse_id, customer_id, order_number, item_code, cost, units) values (43, 1, 3403434, 5003451, 21000061, 802063, 12.51, 20);
insert into warehouses(id, version, warehouse_id, customer_id, order_number, item_code, cost, units) values (44, 1, 3403434, 5003451, 21000061, 802064, 12.51, 20);
insert into warehouses(id, version, warehouse_id, customer_id, order_number, item_code, cost, units) values (45, 1, 3403434, 5003451, 21000061, 802077, 91.52, 100);
insert into warehouses(id, version, warehouse_id, customer_id, order_number, item_code, cost, units) values (46, 1, 3403434, 5003451, 21000061, 802078, 18.3, 20);
insert into warehouses(id, version, warehouse_id, customer_id, order_number, item_code, cost, units) values (47, 1, 3403434, 5003451, 21000061, 902126, 102.9, 80);
insert into warehouses(id, version, warehouse_id, customer_id, order_number, item_code, cost, units) values (48, 1, 3403434, 5003451, 21000061, 942103, 33.39, 20);
insert into warehouses(id, version, warehouse_id, customer_id, order_number, item_code, cost, units) values (49, 1, 3403434, 5003451, 21000061, 887776, 19.27, 20);
insert into warehouses(id, version, warehouse_id, customer_id, order_number, item_code, cost, units) values (50, 1, 3403434, 5003451, 21000061, 8871292, 25.72, 20);
insert into warehouses(id, version, warehouse_id, customer_id, order_number, item_code, cost, units) values (51, 1, 3403434, 5003451, 21000061, 992668, 40.35, 25);
insert into warehouses(id, version, warehouse_id, customer_id, order_number, item_code, cost, units) values (52, 1, 3403434, 5003451, 21000061, 8031256, 13.82, 20);
insert into warehouses(id, version, warehouse_id, customer_id, order_number, item_code, cost, units) values (53, 1, 3403434, 5003451, 21000061, 942082, 27.44, 20);
insert into warehouses(id, version, warehouse_id, customer_id, order_number, item_code, cost, units) values (54, 1, 3403434, 5003451, 21000061, 964823, 13.72, 20);
insert into warehouses(id, version, warehouse_id, customer_id, order_number, item_code, cost, units) values (55, 1, 3403434, 5003451, 21000061, 964824, 27.44, 20);
insert into warehouses(id, version, warehouse_id, customer_id, order_number, item_code, cost, units) values (56, 1, 3403434, 5003451, 21000061, 943453, 25.42, 20);
insert into warehouses(id, version, warehouse_id, customer_id, order_number, item_code, cost, units) values (57, 1, 3403434, 5003451, 21000061, 944022, 47.21, 20);
insert into warehouses(id, version, warehouse_id, customer_id, order_number, item_code, cost, units) values (58, 1, 3403434, 5003451, 21000061, 8794095, 37.63, 20);
insert into warehouses(id, version, warehouse_id, customer_id, order_number, item_code, cost, units) values (59, 1, 3403434, 5003451, 21000061, 8571482, 39.74, 20);
insert into warehouses(id, version, warehouse_id, customer_id, order_number, item_code, cost, units) values (60, 1, 3403434, 5003451, 21000061, 8794084, 44.28, 20);
insert into warehouses(id, version, warehouse_id, customer_id, order_number, item_code, cost, units) values (61, 1, 3403434, 5003451, 21000061, 8479004, 33.19, 20);
insert into warehouses(id, version, warehouse_id, customer_id, order_number, item_code, cost, units) values (62, 1, 3403434, 5003451, 21000061, 896049, 59.31, 20);
insert into warehouses(id, version, warehouse_id, customer_id, order_number, item_code, cost, units) values (63, 1, 3403434, 5003451, 21000061, 897001, 32.28, 25);
insert into warehouses(id, version, warehouse_id, customer_id, order_number, item_code, cost, units) values (64, 1, 3403434, 5003451, 21000061, 875586, 26.73, 25);
insert into warehouses(id, version, warehouse_id, customer_id, order_number, item_code, cost, units) values (65, 1, 3403434, 5003451, 21000061, 921215, 39.75, 25);
insert into warehouses(id, version, warehouse_id, customer_id, order_number, item_code, cost, units) values (66, 1, 3403434, 5003451, 21000061, 880410, 26.73, 25);
insert into warehouses(id, version, warehouse_id, customer_id, order_number, item_code, cost, units) values (67, 1, 3403434, 5003451, 21000061, 921216, 39.75, 25);
insert into warehouses(id, version, warehouse_id, customer_id, order_number, item_code, cost, units) values (68, 1, 3403434, 5003451, 21000061, 892273, 26.73, 25);
insert into warehouses(id, version, warehouse_id, customer_id, order_number, item_code, cost, units) values (69, 1, 3403434, 5003451, 21000061, 8206444, 16.85, 20);
insert into warehouses(id, version, warehouse_id, customer_id, order_number, item_code, cost, units) values (70, 1, 3403434, 5003451, 21000061, 8206472, 16.85, 20);
insert into warehouses(id, version, warehouse_id, customer_id, order_number, item_code, cost, units) values (71, 1, 3403434, 5003451, 21000061, 8755811, 61.53, 25);
insert into warehouses(id, version, warehouse_id, customer_id, order_number, item_code, cost, units) values (72, 1, 3403434, 5003451, 21000061, 875582, 19.17, 25);
insert into warehouses(id, version, warehouse_id, customer_id, order_number, item_code, cost, units) values (73, 1, 3403434, 5003451, 21000061, 8902764, 7.95, 25);
insert into warehouses(id, version, warehouse_id, customer_id, order_number, item_code, cost, units) values (74, 1, 3403434, 5003451, 21000061, 8902742, 34.55, 50);
insert into warehouses(id, version, warehouse_id, customer_id, order_number, item_code, cost, units) values (75, 1, 3403434, 5003451, 21000061, 8902753, 13.24, 25);
insert into warehouses(id, version, warehouse_id, customer_id, order_number, item_code, cost, units) values (76, 1, 3403434, 5003451, 21000061, 8902772, 45.9, 50);
insert into warehouses(id, version, warehouse_id, customer_id, order_number, item_code, cost, units) values (77, 1, 3403434, 5003451, 21000061, 861128, 13.75, 25);
insert into warehouses(id, version, warehouse_id, customer_id, order_number, item_code, cost, units) values (78, 1, 3403434, 5003451, 21000061, 861126, 13.75, 25);
insert into warehouses(id, version, warehouse_id, customer_id, order_number, item_code, cost, units) values (79, 1, 3403434, 5003451, 21000061, 8803232, 19.92, 25);
insert into warehouses(id, version, warehouse_id, customer_id, order_number, item_code, cost, units) values (80, 1, 3403434, 5003451, 21000061, 8803271, 12.74, 25);
insert into warehouses(id, version, warehouse_id, customer_id, order_number, item_code, cost, units) values (81, 1, 3403434, 5003451, 21000061, 8803261, 12.74, 25);
insert into warehouses(id, version, warehouse_id, customer_id, order_number, item_code, cost, units) values (82, 1, 3403434, 5003451, 21000061, 8803251, 45.9, 25);
insert into warehouses(id, version, warehouse_id, customer_id, order_number, item_code, cost, units) values (83, 1, 3403434, 5003451, 21000061, 893133, 23.71, 20);
insert into warehouses(id, version, warehouse_id, customer_id, order_number, item_code, cost, units) values (84, 1, 3403434, 5003451, 21000061, 824755, 14.32, 20);
insert into warehouses(id, version, warehouse_id, customer_id, order_number, item_code, cost, units) values (85, 1, 3403434, 5003451, 21000061, 951345, 29.76, 20);
insert into warehouses(id, version, warehouse_id, customer_id, order_number, item_code, cost, units) values (86, 1, 3403434, 5003451, 21000061, 951344, 29.76, 20);
insert into warehouses(id, version, warehouse_id, customer_id, order_number, item_code, cost, units) values (87, 1, 3403434, 5003451, 21000061, 875710, 15.76, 25);
insert into warehouses(id, version, warehouse_id, customer_id, order_number, item_code, cost, units) values (88, 1, 3403434, 5003451, 21000061, 905470, 54.98, 50);
insert into warehouses(id, version, warehouse_id, customer_id, order_number, item_code, cost, units) values (89, 1, 3403434, 5003451, 21000061, 875711, 54.98, 50);
insert into warehouses(id, version, warehouse_id, customer_id, order_number, item_code, cost, units) values (90, 1, 3403434, 5003451, 21000061, 1199005728, 40.92, 24);
insert into warehouses(id, version, warehouse_id, customer_id, order_number, item_code, cost, units) values (91, 1, 3403434, 5003451, 21000061, 875708, 25.85, 25);
insert into warehouses(id, version, warehouse_id, customer_id, order_number, item_code, cost, units) values (92, 1, 3403434, 5003451, 21000061, 875593, 43.5, 25);
insert into warehouses(id, version, warehouse_id, customer_id, order_number, item_code, cost, units) values (93, 1, 3403434, 5003451, 21000061, 9581661, 53.75, 24);
insert into warehouses(id, version, warehouse_id, customer_id, order_number, item_code, cost, units) values (94, 1, 3403434, 5003451, 21000061, 841360, 27.12, 24);
insert into warehouses(id, version, warehouse_id, customer_id, order_number, item_code, cost, units) values (95, 1, 3403434, 5003451, 21000061, 841362, 61.01, 48);
insert into warehouses(id, version, warehouse_id, customer_id, order_number, item_code, cost, units) values (96, 1, 3403434, 5003451, 21000061, 8128704, 38.94, 40);
insert into warehouses(id, version, warehouse_id, customer_id, order_number, item_code, cost, units) values (97, 1, 3403434, 5003451, 21000061, 8128741, 75.86, 40);
insert into warehouses(id, version, warehouse_id, customer_id, order_number, item_code, cost, units) values (98, 1, 3403434, 5003451, 21000061, 924593, 227.57, 2);
insert into warehouses(id, version, warehouse_id, customer_id, order_number, item_code, cost, units) values (99, 1, 3403434, 5003451, 21000061, 8695976, 41.36, 20);
insert into warehouses(id, version, warehouse_id, customer_id, order_number, item_code, cost, units) values (100, 1, 3403434, 5003451, 21000061, 8705001, 22.39, 20);
insert into warehouses(id, version, warehouse_id, customer_id, order_number, item_code, cost, units) values (101, 1, 3403434, 5003451, 21000061, 8794311, 43.88, 20);
insert into warehouses(id, version, warehouse_id, customer_id, order_number, item_code, cost, units) values (102, 1, 3403434, 5003451, 21000061, 900338, 22.8, 20);
insert into warehouses(id, version, warehouse_id, customer_id, order_number, item_code, cost, units) values (103, 1, 3403434, 5003451, 21000061, 918463, 22.8, 20);
insert into warehouses(id, version, warehouse_id, customer_id, order_number, item_code, cost, units) values (104, 1, 3403434, 5003451, 21000061, 8022921, 20.07, 20);
insert into warehouses(id, version, warehouse_id, customer_id, order_number, item_code, cost, units) values (105, 1, 3403434, 5003451, 21000061, 8871561, 9.08, 10);
insert into warehouses(id, version, warehouse_id, customer_id, order_number, item_code, cost, units) values (106, 1, 3403434, 5003451, 21000061, 918470, 6.56, 10);
insert into warehouses(id, version, warehouse_id, customer_id, order_number, item_code, cost, units) values (107, 1, 3403434, 5003451, 21000061, 920293, 40.1, 25);
insert into warehouses(id, version, warehouse_id, customer_id, order_number, item_code, cost, units) values (108, 1, 3403434, 5003451, 21000061, 937508, 61.37, 26);
insert into warehouses(id, version, warehouse_id, customer_id, order_number, item_code, cost, units) values (109, 1, 3403434, 5003451, 21000061, 841800, 78.68, 25);
insert into warehouses(id, version, warehouse_id, customer_id, order_number, item_code, cost, units) values (110, 1, 3403434, 5003451, 21000061, 937443, 92.6, 20);
insert into warehouses(id, version, warehouse_id, customer_id, order_number, item_code, cost, units) values (111, 1, 3403434, 5003451, 21000061, 8289641, 71.42, 24);
insert into warehouses(id, version, warehouse_id, customer_id, order_number, item_code, cost, units) values (112, 1, 3403434, 5003451, 21000061, 8902881, 68.6, 25);
insert into warehouses(id, version, warehouse_id, customer_id, order_number, item_code, cost, units) values (113, 1, 3403434, 5003451, 21000061, 9375182, 29.66, 20);
insert into warehouses(id, version, warehouse_id, customer_id, order_number, item_code, cost, units) values (114, 1, 3403434, 5003451, 21000061, 8575613, 36.68, 24);
insert into warehouses(id, version, warehouse_id, customer_id, order_number, item_code, cost, units) values (115, 1, 3403434, 5003451, 21000061, 8575624, 54.96, 24);
insert into warehouses(id, version, warehouse_id, customer_id, order_number, item_code, cost, units) values (116, 1, 3403434, 5003451, 21000061, 926446, 17.25, 20);
insert into warehouses(id, version, warehouse_id, customer_id, order_number, item_code, cost, units) values (117, 1, 3403434, 5003451, 21000061, 992712, 30.06, 20);
insert into warehouses(id, version, warehouse_id, customer_id, order_number, item_code, cost, units) values (118, 1, 3403434, 5003451, 21000061, 996713, 30.06, 20);
insert into warehouses(id, version, warehouse_id, customer_id, order_number, item_code, cost, units) values (119, 1, 3403434, 5340672, 20203327, 837396, 1148.0, 2800);
insert into warehouses(id, version, warehouse_id, customer_id, order_number, item_code, cost, units) values (120, 1, 3403434, 5340672, 20203327, 8805374, 1598.4, 2160);
insert into warehouses(id, version, warehouse_id, customer_id, order_number, item_code, cost, units) values (121, 1, 3403434, 5340672, 20203327, 896996, 3780.0, 3500);
insert into warehouses(id, version, warehouse_id, customer_id, order_number, item_code, cost, units) values (122, 1, 3403434, 5340672, 20203395, 9240111, 1283.04, 2592);
insert into warehouses(id, version, warehouse_id, customer_id, order_number, item_code, cost, units) values (123, 1, 3403434, 5340672, 20203395, 8805374, 3196.8, 4320);
insert into warehouses(id, version, warehouse_id, customer_id, order_number, item_code, cost, units) values (124, 1, 3403434, 5340672, 20203395, 896996, 5670.0, 5250);
insert into warehouses(id, version, warehouse_id, customer_id, order_number, item_code, cost, units) values (125, 1, 3403434, 5293132, 21000301, 8308611, 12.81, 20);
insert into warehouses(id, version, warehouse_id, customer_id, order_number, item_code, cost, units) values (126, 1, 3403434, 5293132, 21000301, 802051, 7.97, 10);
insert into warehouses(id, version, warehouse_id, customer_id, order_number, item_code, cost, units) values (127, 1, 3403434, 5293132, 21000301, 802052, 7.97, 10);
insert into warehouses(id, version, warehouse_id, customer_id, order_number, item_code, cost, units) values (128, 1, 3403434, 5293132, 21000301, 830863, 29.25, 20);
insert into warehouses(id, version, warehouse_id, customer_id, order_number, item_code, cost, units) values (129, 1, 3403434, 5293132, 21000301, 830865, 58.51, 40);
insert into warehouses(id, version, warehouse_id, customer_id, order_number, item_code, cost, units) values (130, 1, 3403434, 5293132, 21000301, 802797, 18.46, 20);
insert into warehouses(id, version, warehouse_id, customer_id, order_number, item_code, cost, units) values (131, 1, 3403434, 5293132, 21000301, 802796, 18.46, 20);
insert into warehouses(id, version, warehouse_id, customer_id, order_number, item_code, cost, units) values (132, 1, 3403434, 5293132, 21000301, 943437, 32.38, 20);
insert into warehouses(id, version, warehouse_id, customer_id, order_number, item_code, cost, units) values (133, 1, 3403434, 5293132, 21000301, 872721, 6.41, 10);
insert into warehouses(id, version, warehouse_id, customer_id, order_number, item_code, cost, units) values (134, 1, 3403434, 5293132, 21000301, 802063, 12.51, 20);
insert into warehouses(id, version, warehouse_id, customer_id, order_number, item_code, cost, units) values (135, 1, 3403434, 5293132, 21000301, 802070, 24.82, 20);
insert into warehouses(id, version, warehouse_id, customer_id, order_number, item_code, cost, units) values (136, 1, 3403434, 5293132, 21000301, 802077, 18.3, 20);
insert into warehouses(id, version, warehouse_id, customer_id, order_number, item_code, cost, units) values (137, 1, 3403434, 5293132, 21000301, 802078, 18.3, 20);
insert into warehouses(id, version, warehouse_id, customer_id, order_number, item_code, cost, units) values (138, 1, 3403434, 5293132, 21000301, 902126, 25.72, 20);
insert into warehouses(id, version, warehouse_id, customer_id, order_number, item_code, cost, units) values (139, 1, 3403434, 5293132, 21000301, 895956, 20.68, 20);
insert into warehouses(id, version, warehouse_id, customer_id, order_number, item_code, cost, units) values (140, 1, 3403434, 5293132, 21000301, 8871292, 25.72, 20);
insert into warehouses(id, version, warehouse_id, customer_id, order_number, item_code, cost, units) values (141, 1, 3403434, 5293132, 21000301, 8031256, 13.82, 20);
insert into warehouses(id, version, warehouse_id, customer_id, order_number, item_code, cost, units) values (142, 1, 3403434, 5293132, 21000301, 8031246, 13.82, 20);
insert into warehouses(id, version, warehouse_id, customer_id, order_number, item_code, cost, units) values (143, 1, 3403434, 5293132, 21000301, 942076, 27.44, 20);
insert into warehouses(id, version, warehouse_id, customer_id, order_number, item_code, cost, units) values (144, 1, 3403434, 5293132, 21000301, 943453, 25.42, 20);
insert into warehouses(id, version, warehouse_id, customer_id, order_number, item_code, cost, units) values (145, 1, 3403434, 5293132, 21000301, 8479004, 33.19, 20);
insert into warehouses(id, version, warehouse_id, customer_id, order_number, item_code, cost, units) values (146, 1, 3403434, 5293132, 21000301, 8794074, 44.28, 20);
insert into warehouses(id, version, warehouse_id, customer_id, order_number, item_code, cost, units) values (147, 1, 3403434, 5293132, 21000301, 897001, 32.28, 25);
insert into warehouses(id, version, warehouse_id, customer_id, order_number, item_code, cost, units) values (148, 1, 3403434, 5293132, 21000301, 921215, 39.75, 25);
insert into warehouses(id, version, warehouse_id, customer_id, order_number, item_code, cost, units) values (149, 1, 3403434, 5293132, 21000301, 920400, 39.75, 25);
insert into warehouses(id, version, warehouse_id, customer_id, order_number, item_code, cost, units) values (150, 1, 3403434, 5293132, 21000301, 8902742, 17.28, 25);
insert into warehouses(id, version, warehouse_id, customer_id, order_number, item_code, cost, units) values (151, 1, 3403434, 5293132, 21000301, 8902753, 13.24, 25);
insert into warehouses(id, version, warehouse_id, customer_id, order_number, item_code, cost, units) values (152, 1, 3403434, 5293132, 21000301, 861127, 13.75, 25);
insert into warehouses(id, version, warehouse_id, customer_id, order_number, item_code, cost, units) values (153, 1, 3403434, 5293132, 21000301, 9373901, 10.59, 20);
insert into warehouses(id, version, warehouse_id, customer_id, order_number, item_code, cost, units) values (154, 1, 3403434, 5293132, 21000301, 9245611, 21.28, 20);
insert into warehouses(id, version, warehouse_id, customer_id, order_number, item_code, cost, units) values (155, 1, 3403434, 5293132, 21000301, 950640, 31.88, 20);
insert into warehouses(id, version, warehouse_id, customer_id, order_number, item_code, cost, units) values (156, 1, 3403434, 5293132, 21000301, 889228, 12.71, 20);
insert into warehouses(id, version, warehouse_id, customer_id, order_number, item_code, cost, units) values (157, 1, 3403434, 5293132, 21000301, 824755, 14.32, 20);
insert into warehouses(id, version, warehouse_id, customer_id, order_number, item_code, cost, units) values (158, 1, 3403434, 5293132, 21000301, 951344, 29.76, 20);
insert into warehouses(id, version, warehouse_id, customer_id, order_number, item_code, cost, units) values (159, 1, 3403434, 5293132, 21000301, 875709, 15.76, 25);
insert into warehouses(id, version, warehouse_id, customer_id, order_number, item_code, cost, units) values (160, 1, 3403434, 5293132, 21000301, 1199005728, 20.46, 12);
insert into warehouses(id, version, warehouse_id, customer_id, order_number, item_code, cost, units) values (161, 1, 3403434, 5293132, 21000301, 875708, 25.85, 25);
insert into warehouses(id, version, warehouse_id, customer_id, order_number, item_code, cost, units) values (162, 1, 3403434, 5293132, 21000301, 8757121, 17.65, 25);
insert into warehouses(id, version, warehouse_id, customer_id, order_number, item_code, cost, units) values (163, 1, 3403434, 5293132, 21000301, 8022921, 10.04, 10);
insert into warehouses(id, version, warehouse_id, customer_id, order_number, item_code, cost, units) values (164, 1, 3403434, 5293132, 21000301, 888695, 31.4, 25);
insert into warehouses(id, version, warehouse_id, customer_id, order_number, item_code, cost, units) values (165, 1, 3403434, 5340669, 20203403, 8949591, 1470.0, 3000);
insert into warehouses(id, version, warehouse_id, customer_id, order_number, item_code, cost, units) values (166, 1, 3403434, 5340669, 20203403, 952547, 5544.0, 7200);
insert into warehouses(id, version, warehouse_id, customer_id, order_number, item_code, cost, units) values (167, 1, 3403434, 5029913, 21000427, 918777, 1522.08, 960);
insert into warehouses(id, version, warehouse_id, customer_id, order_number, item_code, cost, units) values (168, 1, 3403434, 5293132, 20245714, 996674, 334.55, 1);
insert into warehouses(id, version, warehouse_id, customer_id, order_number, item_code, cost, units) values (169, 1, 3403434, 5293132, 20245714, 989668, 176.65, 1);
insert into warehouses(id, version, warehouse_id, customer_id, order_number, item_code, cost, units) values (170, 1, 3403434, 5293132, 20245714, 950635, 320.23, 1);
insert into warehouses(id, version, warehouse_id, customer_id, order_number, item_code, cost, units) values (171, 1, 3403434, 5293132, 20245714, 951365, 258.2, 1);
insert into warehouses(id, version, warehouse_id, customer_id, order_number, item_code, cost, units) values (172, 1, 3403434, 5340672, 20203348, 9240111, 1283.04, 2592);
insert into warehouses(id, version, warehouse_id, customer_id, order_number, item_code, cost, units) values (173, 1, 3403434, 5340672, 20203348, 8805374, 1598.4, 2160);
insert into warehouses(id, version, warehouse_id, customer_id, order_number, item_code, cost, units) values (174, 1, 3403434, 5340672, 20203348, 896996, 1890.0, 1750);
insert into warehouses(id, version, warehouse_id, customer_id, order_number, item_code, cost, units) values (175, 1, 3403434, 5340672, 20203402, 8949591, 1470.0, 3000);
insert into warehouses(id, version, warehouse_id, customer_id, order_number, item_code, cost, units) values (176, 1, 3403434, 5340672, 20203402, 952547, 5544.0, 7200);
insert into warehouses(id, version, warehouse_id, customer_id, order_number, item_code, cost, units) values (177, 1, 3403434, 5029913, 21000584, 802052, 1198.92, 1200);
insert into warehouses(id, version, warehouse_id, customer_id, order_number, item_code, cost, units) values (178, 1, 3403434, 5029913, 21000584, 802054, 1198.92, 1200);
insert into warehouses(id, version, warehouse_id, customer_id, order_number, item_code, cost, units) values (179, 1, 3403434, 5029913, 21000584, 8128741, 4660.1, 1960);
insert into warehouses(id, version, warehouse_id, customer_id, order_number, item_code, cost, units) values (180, 1, 3403434, 5029913, 21000584, 880410, 938.42, 700);
insert into warehouses(id, version, warehouse_id, customer_id, order_number, item_code, cost, units) values (181, 1, 3403434, 5029913, 21000584, 875586, 938.42, 700);
insert into warehouses(id, version, warehouse_id, customer_id, order_number, item_code, cost, units) values (182, 1, 3403434, 5029913, 21000584, 875711, 689.25, 500);
insert into warehouses(id, version, warehouse_id, customer_id, order_number, item_code, cost, units) values (183, 1, 3403434, 5029913, 21000584, 802078, 193.25, 160);
insert into warehouses(id, version, warehouse_id, customer_id, order_number, item_code, cost, units) values (184, 1, 3403434, 5029913, 21000584, 830865, 1100.28, 600);
insert into warehouses(id, version, warehouse_id, customer_id, order_number, item_code, cost, units) values (185, 1, 3403434, 5029913, 21000584, 802077, 1545.98, 1280);
insert into warehouses(id, version, warehouse_id, customer_id, order_number, item_code, cost, units) values (186, 1, 3403434, 5029913, 21000584, 8803271, 447.02, 700);
insert into warehouses(id, version, warehouse_id, customer_id, order_number, item_code, cost, units) values (187, 1, 3403434, 5029913, 21000584, 880409, 906.78, 600);
insert into warehouses(id, version, warehouse_id, customer_id, order_number, item_code, cost, units) values (188, 1, 3403434, 5029913, 21000584, 8871292, 612.75, 380);
insert into warehouses(id, version, warehouse_id, customer_id, order_number, item_code, cost, units) values (189, 1, 3403434, 5029913, 21000584, 8871292, 290.25, 180);
insert into warehouses(id, version, warehouse_id, customer_id, order_number, item_code, cost, units) values (190, 1, 3403434, 5029913, 21000584, 892273, 938.42, 700);
insert into warehouses(id, version, warehouse_id, customer_id, order_number, item_code, cost, units) values (191, 1, 3403434, 5029913, 21000584, 895956, 725.93, 560);
insert into warehouses(id, version, warehouse_id, customer_id, order_number, item_code, cost, units) values (192, 1, 3403434, 5029913, 21000584, 897785, 676.37, 560);
insert into warehouses(id, version, warehouse_id, customer_id, order_number, item_code, cost, units) values (193, 1, 3403434, 5029913, 21000584, 902126, 903.0, 560);
insert into warehouses(id, version, warehouse_id, customer_id, order_number, item_code, cost, units) values (194, 1, 3403434, 5029913, 21000584, 9078342, 490.2, 240);
insert into warehouses(id, version, warehouse_id, customer_id, order_number, item_code, cost, units) values (195, 1, 3403434, 5029913, 21000584, 964787, 506.41, 560);
insert into warehouses(id, version, warehouse_id, customer_id, order_number, item_code, cost, units) values (196, 1, 3403434, 5029913, 21000584, 9672961, 773.96, 400);
insert into warehouses(id, version, warehouse_id, customer_id, order_number, item_code, cost, units) values (197, 1, 3403434, 5029913, 21000584, 992668, 1416.45, 700);
insert into warehouses(id, version, warehouse_id, customer_id, order_number, item_code, cost, units) values (198, 1, 3403434, 5029913, 21000584, 8297732, 1354.98, 768);
insert into warehouses(id, version, warehouse_id, customer_id, order_number, item_code, cost, units) values (199, 1, 3403434, 5029913, 21000584, 8871561, 956.09, 840);
insert into warehouses(id, version, warehouse_id, customer_id, order_number, item_code, cost, units) values (200, 1, 3403434, 5029913, 21000584, 841360, 305.94, 216);
insert into warehouses(id, version, warehouse_id, customer_id, order_number, item_code, cost, units) values (201, 1, 3403434, 5029913, 21000584, 937508, 769.44, 260);
insert into warehouses(id, version, warehouse_id, customer_id, order_number, item_code, cost, units) values (202, 1, 3403434, 5029913, 21000584, 888681, 792.49, 336);
insert into warehouses(id, version, warehouse_id, customer_id, order_number, item_code, cost, units) values (203, 1, 3403434, 5029913, 21000584, 841800, 1578.32, 400);
insert into warehouses(id, version, warehouse_id, customer_id, order_number, item_code, cost, units) values (204, 1, 3403434, 5003269, 21000869, 952530, 67.45, 40);
insert into warehouses(id, version, warehouse_id, customer_id, order_number, item_code, cost, units) values (205, 1, 3403434, 5003269, 21000869, 830622, 41.24, 30);
insert into warehouses(id, version, warehouse_id, customer_id, order_number, item_code, cost, units) values (206, 1, 3403434, 5003269, 21000869, 862275, 30.21, 30);
insert into warehouses(id, version, warehouse_id, customer_id, order_number, item_code, cost, units) values (207, 1, 3403434, 5003269, 21000869, 918777, 99.07, 60);
insert into warehouses(id, version, warehouse_id, customer_id, order_number, item_code, cost, units) values (208, 1, 3403434, 5003269, 21000869, 952494, 46.6, 24);
insert into warehouses(id, version, warehouse_id, customer_id, order_number, item_code, cost, units) values (209, 1, 3403434, 5003474, 21000857, 875708, 51.7, 50);
insert into warehouses(id, version, warehouse_id, customer_id, order_number, item_code, cost, units) values (210, 1, 3403434, 5003474, 21000857, 802077, 54.91, 60);
insert into warehouses(id, version, warehouse_id, customer_id, order_number, item_code, cost, units) values (211, 1, 3403434, 5003474, 21000857, 8755911, 38.84, 25);
insert into warehouses(id, version, warehouse_id, customer_id, order_number, item_code, cost, units) values (212, 1, 3403434, 5003474, 21000857, 921216, 39.75, 25);
insert into warehouses(id, version, warehouse_id, customer_id, order_number, item_code, cost, units) values (213, 1, 3403434, 5003474, 21000857, 8902742, 34.55, 50);
insert into warehouses(id, version, warehouse_id, customer_id, order_number, item_code, cost, units) values (214, 1, 3403434, 5003474, 21000857, 8902753, 26.48, 50);
insert into warehouses(id, version, warehouse_id, customer_id, order_number, item_code, cost, units) values (215, 1, 3403434, 5003474, 21000857, 997954, 71.42, 20);
insert into warehouses(id, version, warehouse_id, customer_id, order_number, item_code, cost, units) values (216, 1, 3403434, 5003474, 21000857, 968503, 119.84, 20);
insert into warehouses(id, version, warehouse_id, customer_id, order_number, item_code, cost, units) values (217, 1, 3403434, 5003474, 21000857, 943452, 25.42, 20);
insert into warehouses(id, version, warehouse_id, customer_id, order_number, item_code, cost, units) values (218, 1, 3403434, 5003474, 21000857, 8755811, 61.53, 25);
insert into warehouses(id, version, warehouse_id, customer_id, order_number, item_code, cost, units) values (219, 1, 3403434, 5003474, 21000857, 861127, 13.75, 25);
insert into warehouses(id, version, warehouse_id, customer_id, order_number, item_code, cost, units) values (220, 1, 3403434, 5003451, 21001785, 8308611, 32.03, 50);
insert into warehouses(id, version, warehouse_id, customer_id, order_number, item_code, cost, units) values (221, 1, 3403434, 5003451, 21001785, 8308581, 32.03, 50);
insert into warehouses(id, version, warehouse_id, customer_id, order_number, item_code, cost, units) values (222, 1, 3403434, 5003451, 21001785, 802052, 47.81, 60);
insert into warehouses(id, version, warehouse_id, customer_id, order_number, item_code, cost, units) values (223, 1, 3403434, 5003451, 21001785, 802054, 39.85, 50);
insert into warehouses(id, version, warehouse_id, customer_id, order_number, item_code, cost, units) values (224, 1, 3403434, 5003451, 21001785, 830864, 14.63, 10);
insert into warehouses(id, version, warehouse_id, customer_id, order_number, item_code, cost, units) values (225, 1, 3403434, 5003451, 21001785, 830863, 29.25, 20);
insert into warehouses(id, version, warehouse_id, customer_id, order_number, item_code, cost, units) values (226, 1, 3403434, 5003451, 21001785, 830865, 29.25, 20);
insert into warehouses(id, version, warehouse_id, customer_id, order_number, item_code, cost, units) values (227, 1, 3403434, 5003451, 21001785, 949875, 15.94, 20);
insert into warehouses(id, version, warehouse_id, customer_id, order_number, item_code, cost, units) values (228, 1, 3403434, 5003451, 21001785, 949871, 15.94, 20);
insert into warehouses(id, version, warehouse_id, customer_id, order_number, item_code, cost, units) values (229, 1, 3403434, 5003451, 21001785, 949869, 29.05, 20);
insert into warehouses(id, version, warehouse_id, customer_id, order_number, item_code, cost, units) values (230, 1, 3403434, 5003451, 21001785, 918533, 29.25, 20);
insert into warehouses(id, version, warehouse_id, customer_id, order_number, item_code, cost, units) values (231, 1, 3403434, 5003451, 21001785, 802798, 18.46, 20);
insert into warehouses(id, version, warehouse_id, customer_id, order_number, item_code, cost, units) values (232, 1, 3403434, 5003451, 21001785, 8957921, 28.04, 40);
insert into warehouses(id, version, warehouse_id, customer_id, order_number, item_code, cost, units) values (233, 1, 3403434, 5003451, 21001785, 872721, 19.22, 30);
insert into warehouses(id, version, warehouse_id, customer_id, order_number, item_code, cost, units) values (234, 1, 3403434, 5003451, 21001785, 872723, 29.25, 20);
insert into warehouses(id, version, warehouse_id, customer_id, order_number, item_code, cost, units) values (235, 1, 3403434, 5003451, 21001785, 802077, 73.22, 80);
insert into warehouses(id, version, warehouse_id, customer_id, order_number, item_code, cost, units) values (236, 1, 3403434, 5003451, 21001785, 897785, 38.54, 40);
insert into warehouses(id, version, warehouse_id, customer_id, order_number, item_code, cost, units) values (237, 1, 3403434, 5003451, 21001785, 935588, 44.99, 20);
insert into warehouses(id, version, warehouse_id, customer_id, order_number, item_code, cost, units) values (238, 1, 3403434, 5003451, 21001785, 902126, 77.17, 60);
insert into warehouses(id, version, warehouse_id, customer_id, order_number, item_code, cost, units) values (239, 1, 3403434, 5003451, 21001785, 887776, 38.54, 40);
insert into warehouses(id, version, warehouse_id, customer_id, order_number, item_code, cost, units) values (240, 1, 3403434, 5003451, 21001785, 949898, 19.27, 20);
insert into warehouses(id, version, warehouse_id, customer_id, order_number, item_code, cost, units) values (241, 1, 3403434, 5003451, 21001785, 933949, 25.72, 20);
insert into warehouses(id, version, warehouse_id, customer_id, order_number, item_code, cost, units) values (242, 1, 3403434, 5003451, 21001785, 895956, 41.36, 40);
insert into warehouses(id, version, warehouse_id, customer_id, order_number, item_code, cost, units) values (243, 1, 3403434, 5003451, 21001785, 9649051, 25.72, 20);
insert into warehouses(id, version, warehouse_id, customer_id, order_number, item_code, cost, units) values (244, 1, 3403434, 5003451, 21001785, 943452, 25.42, 20);
insert into warehouses(id, version, warehouse_id, customer_id, order_number, item_code, cost, units) values (245, 1, 3403434, 5003451, 21001785, 944017, 52.05, 20);
insert into warehouses(id, version, warehouse_id, customer_id, order_number, item_code, cost, units) values (246, 1, 3403434, 5003451, 21001785, 880410, 26.73, 25);
insert into warehouses(id, version, warehouse_id, customer_id, order_number, item_code, cost, units) values (247, 1, 3403434, 5003451, 21001785, 8755811, 61.53, 25);
insert into warehouses(id, version, warehouse_id, customer_id, order_number, item_code, cost, units) values (248, 1, 3403434, 5003451, 21001785, 880336, 19.17, 25);
insert into warehouses(id, version, warehouse_id, customer_id, order_number, item_code, cost, units) values (249, 1, 3403434, 5003451, 21001785, 875582, 19.17, 25);
insert into warehouses(id, version, warehouse_id, customer_id, order_number, item_code, cost, units) values (250, 1, 3403434, 5003451, 21001785, 896016, 9.33, 25);
insert into warehouses(id, version, warehouse_id, customer_id, order_number, item_code, cost, units) values (251, 1, 3403434, 5003451, 21001785, 942053, 15.64, 25);
insert into warehouses(id, version, warehouse_id, customer_id, order_number, item_code, cost, units) values (252, 1, 3403434, 5003451, 21001785, 8755921, 20.68, 50);
insert into warehouses(id, version, warehouse_id, customer_id, order_number, item_code, cost, units) values (253, 1, 3403434, 5003451, 21001785, 8803271, 12.74, 25);
insert into warehouses(id, version, warehouse_id, customer_id, order_number, item_code, cost, units) values (254, 1, 3403434, 5003451, 21001785, 933872, 12.71, 10);
insert into warehouses(id, version, warehouse_id, customer_id, order_number, item_code, cost, units) values (255, 1, 3403434, 5003451, 21001785, 889228, 12.71, 20);
insert into warehouses(id, version, warehouse_id, customer_id, order_number, item_code, cost, units) values (256, 1, 3403434, 5003451, 21001785, 964859, 25.02, 20);
insert into warehouses(id, version, warehouse_id, customer_id, order_number, item_code, cost, units) values (257, 1, 3403434, 5003451, 21001785, 875710, 31.53, 50);
insert into warehouses(id, version, warehouse_id, customer_id, order_number, item_code, cost, units) values (258, 1, 3403434, 5003451, 21001785, 905470, 27.49, 25);
insert into warehouses(id, version, warehouse_id, customer_id, order_number, item_code, cost, units) values (259, 1, 3403434, 5003451, 21001785, 875711, 27.49, 25);
insert into warehouses(id, version, warehouse_id, customer_id, order_number, item_code, cost, units) values (260, 1, 3403434, 5003451, 21001785, 1199005728, 40.92, 24);
insert into warehouses(id, version, warehouse_id, customer_id, order_number, item_code, cost, units) values (261, 1, 3403434, 5003451, 21001785, 905471, 43.5, 25);
insert into warehouses(id, version, warehouse_id, customer_id, order_number, item_code, cost, units) values (262, 1, 3403434, 5003451, 21001785, 841360, 27.12, 24);
insert into warehouses(id, version, warehouse_id, customer_id, order_number, item_code, cost, units) values (263, 1, 3403434, 5003451, 21001785, 841362, 30.5, 24);
insert into warehouses(id, version, warehouse_id, customer_id, order_number, item_code, cost, units) values (264, 1, 3403434, 5003451, 21001785, 8128704, 38.94, 40);
insert into warehouses(id, version, warehouse_id, customer_id, order_number, item_code, cost, units) values (265, 1, 3403434, 5003451, 21001785, 8128741, 94.82, 50);
insert into warehouses(id, version, warehouse_id, customer_id, order_number, item_code, cost, units) values (266, 1, 3403434, 5003451, 21001785, 924593, 455.15, 4);
insert into warehouses(id, version, warehouse_id, customer_id, order_number, item_code, cost, units) values (267, 1, 3403434, 5003451, 21001785, 927818, 137.0, 60);
insert into warehouses(id, version, warehouse_id, customer_id, order_number, item_code, cost, units) values (268, 1, 3403434, 5003451, 21001785, 8794311, 109.7, 50);
insert into warehouses(id, version, warehouse_id, customer_id, order_number, item_code, cost, units) values (269, 1, 3403434, 5003451, 21001785, 900338, 34.2, 30);
insert into warehouses(id, version, warehouse_id, customer_id, order_number, item_code, cost, units) values (270, 1, 3403434, 5003451, 21001785, 918463, 34.2, 30);
insert into warehouses(id, version, warehouse_id, customer_id, order_number, item_code, cost, units) values (271, 1, 3403434, 5003451, 21001785, 8481541, 64.56, 40);
insert into warehouses(id, version, warehouse_id, customer_id, order_number, item_code, cost, units) values (272, 1, 3403434, 5003451, 21001785, 8871561, 27.24, 30);
insert into warehouses(id, version, warehouse_id, customer_id, order_number, item_code, cost, units) values (273, 1, 3403434, 5003451, 21001785, 9126352, 51.6, 30);
insert into warehouses(id, version, warehouse_id, customer_id, order_number, item_code, cost, units) values (274, 1, 3403434, 5003451, 21001785, 918470, 19.67, 30);
insert into warehouses(id, version, warehouse_id, customer_id, order_number, item_code, cost, units) values (275, 1, 3403434, 5003451, 21001785, 920293, 120.29, 75);
insert into warehouses(id, version, warehouse_id, customer_id, order_number, item_code, cost, units) values (276, 1, 3403434, 5003451, 21001785, 937508, 122.75, 52);
insert into warehouses(id, version, warehouse_id, customer_id, order_number, item_code, cost, units) values (277, 1, 3403434, 5003451, 21001785, 937443, 92.6, 20);
insert into warehouses(id, version, warehouse_id, customer_id, order_number, item_code, cost, units) values (278, 1, 3403434, 5003451, 21001785, 9020801, 36.13, 12);
insert into warehouses(id, version, warehouse_id, customer_id, order_number, item_code, cost, units) values (279, 1, 3403434, 5003451, 21001785, 888695, 31.4, 25);
insert into warehouses(id, version, warehouse_id, customer_id, order_number, item_code, cost, units) values (280, 1, 3403434, 5003451, 21001785, 946442, 83.98, 25);
insert into warehouses(id, version, warehouse_id, customer_id, order_number, item_code, cost, units) values (281, 1, 3403434, 5003451, 21001785, 978004, 24.88, 12);
insert into warehouses(id, version, warehouse_id, customer_id, order_number, item_code, cost, units) values (282, 1, 3403434, 5003451, 21001785, 8902871, 45.77, 25);
insert into warehouses(id, version, warehouse_id, customer_id, order_number, item_code, cost, units) values (283, 1, 3403434, 5003451, 21001785, 937513, 46.12, 24);
insert into warehouses(id, version, warehouse_id, customer_id, order_number, item_code, cost, units) values (284, 1, 3403434, 5003451, 21001785, 83256610, 18.16, 24);
insert into warehouses(id, version, warehouse_id, customer_id, order_number, item_code, cost, units) values (285, 1, 3403434, 5003451, 21001785, 999916, 25.72, 20);
insert into warehouses(id, version, warehouse_id, customer_id, order_number, item_code, cost, units) values (286, 1, 3403434, 5003451, 21001785, 992658, 204.82, 60);
insert into warehouses(id, version, warehouse_id, customer_id, order_number, item_code, cost, units) values (287, 1, 3403434, 5003476, 21001330, 8902753, 39.72, 75);
insert into warehouses(id, version, warehouse_id, customer_id, order_number, item_code, cost, units) values (288, 1, 3403434, 5003476, 21001330, 8902772, 68.85, 75);
insert into warehouses(id, version, warehouse_id, customer_id, order_number, item_code, cost, units) values (289, 1, 3403434, 5003476, 21001330, 8902742, 69.1, 100);
insert into warehouses(id, version, warehouse_id, customer_id, order_number, item_code, cost, units) values (290, 1, 3403434, 5003476, 21001330, 964912, 10.47, 25);
insert into warehouses(id, version, warehouse_id, customer_id, order_number, item_code, cost, units) values (291, 1, 3403434, 5003476, 21001330, 861126, 27.49, 50);
insert into warehouses(id, version, warehouse_id, customer_id, order_number, item_code, cost, units) values (292, 1, 3403434, 5003476, 21001330, 861127, 27.49, 50);
insert into warehouses(id, version, warehouse_id, customer_id, order_number, item_code, cost, units) values (293, 1, 3403434, 5003476, 21001330, 861129, 27.49, 50);
insert into warehouses(id, version, warehouse_id, customer_id, order_number, item_code, cost, units) values (294, 1, 3403434, 5003476, 21001330, 861131, 27.49, 50);
insert into warehouses(id, version, warehouse_id, customer_id, order_number, item_code, cost, units) values (295, 1, 3403434, 5003476, 21001330, 861133, 54.98, 100);
insert into warehouses(id, version, warehouse_id, customer_id, order_number, item_code, cost, units) values (296, 1, 3403434, 5003476, 21001330, 8902764, 15.89, 50);
insert into warehouses(id, version, warehouse_id, customer_id, order_number, item_code, cost, units) values (297, 1, 3403434, 5003476, 21001330, 8575614, 36.68, 24);
insert into warehouses(id, version, warehouse_id, customer_id, order_number, item_code, cost, units) values (298, 1, 3403434, 5003476, 21001330, 937515, 152.52, 60);
insert into warehouses(id, version, warehouse_id, customer_id, order_number, item_code, cost, units) values (299, 1, 3403434, 5003476, 21001330, 937513, 92.24, 48);
insert into warehouses(id, version, warehouse_id, customer_id, order_number, item_code, cost, units) values (300, 1, 3403434, 5003476, 21001330, 875708, 77.55, 75);
insert into warehouses(id, version, warehouse_id, customer_id, order_number, item_code, cost, units) values (301, 1, 3403434, 5003476, 21001330, 875711, 82.46, 75);
insert into warehouses(id, version, warehouse_id, customer_id, order_number, item_code, cost, units) values (302, 1, 3403434, 5003476, 21001330, 1199005728, 61.37, 36);
insert into warehouses(id, version, warehouse_id, customer_id, order_number, item_code, cost, units) values (303, 1, 3403434, 5003476, 21001330, 875710, 63.05, 100);
insert into warehouses(id, version, warehouse_id, customer_id, order_number, item_code, cost, units) values (304, 1, 3403434, 5003476, 21001330, 9581671, 50.39, 30);
insert into warehouses(id, version, warehouse_id, customer_id, order_number, item_code, cost, units) values (305, 1, 3403434, 5003476, 21001330, 875577, 48.42, 100);
insert into warehouses(id, version, warehouse_id, customer_id, order_number, item_code, cost, units) values (306, 1, 3403434, 5003476, 21001330, 875579, 48.42, 100);
insert into warehouses(id, version, warehouse_id, customer_id, order_number, item_code, cost, units) values (307, 1, 3403434, 5003476, 21001330, 8289662, 101.86, 36);
insert into warehouses(id, version, warehouse_id, customer_id, order_number, item_code, cost, units) values (308, 1, 3403434, 5003476, 21001330, 920293, 120.29, 75);
insert into warehouses(id, version, warehouse_id, customer_id, order_number, item_code, cost, units) values (309, 1, 3403434, 5003476, 21001330, 937508, 184.12, 78);
insert into warehouses(id, version, warehouse_id, customer_id, order_number, item_code, cost, units) values (310, 1, 3403434, 5003476, 21001330, 888695, 94.19, 75);
insert into warehouses(id, version, warehouse_id, customer_id, order_number, item_code, cost, units) values (311, 1, 3403434, 5003476, 21001330, 841800, 157.37, 50);
insert into warehouses(id, version, warehouse_id, customer_id, order_number, item_code, cost, units) values (312, 1, 3403434, 5003476, 21001330, 8871561, 90.79, 100);
insert into warehouses(id, version, warehouse_id, customer_id, order_number, item_code, cost, units) values (313, 1, 3403434, 5003476, 21001330, 8755911, 77.68, 50);
insert into warehouses(id, version, warehouse_id, customer_id, order_number, item_code, cost, units) values (314, 1, 3403434, 5003476, 21001330, 8755761, 25.47, 50);
insert into warehouses(id, version, warehouse_id, customer_id, order_number, item_code, cost, units) values (315, 1, 3403434, 5003476, 21001330, 8803271, 38.21, 75);
insert into warehouses(id, version, warehouse_id, customer_id, order_number, item_code, cost, units) values (316, 1, 3403434, 5003476, 21001330, 8803251, 45.9, 25);
insert into warehouses(id, version, warehouse_id, customer_id, order_number, item_code, cost, units) values (317, 1, 3403434, 5003476, 21001330, 8803232, 39.85, 50);
insert into warehouses(id, version, warehouse_id, customer_id, order_number, item_code, cost, units) values (318, 1, 3403434, 5003476, 21001330, 875582, 57.5, 75);
insert into warehouses(id, version, warehouse_id, customer_id, order_number, item_code, cost, units) values (319, 1, 3403434, 5003476, 21001330, 921216, 119.24, 75);
insert into warehouses(id, version, warehouse_id, customer_id, order_number, item_code, cost, units) values (320, 1, 3403434, 5003476, 21001330, 919266, 6.15, 20);
insert into warehouses(id, version, warehouse_id, customer_id, order_number, item_code, cost, units) values (321, 1, 3403434, 5003476, 21001330, 943452, 50.84, 40);
insert into warehouses(id, version, warehouse_id, customer_id, order_number, item_code, cost, units) values (322, 1, 3403434, 5003476, 21001330, 8794311, 131.64, 60);
insert into warehouses(id, version, warehouse_id, customer_id, order_number, item_code, cost, units) values (323, 1, 3403434, 5003476, 21001330, 8695976, 206.79, 100);
insert into warehouses(id, version, warehouse_id, customer_id, order_number, item_code, cost, units) values (324, 1, 3403434, 5003476, 21001330, 8128704, 116.81, 120);
insert into warehouses(id, version, warehouse_id, customer_id, order_number, item_code, cost, units) values (325, 1, 3403434, 5003476, 21001330, 8128741, 227.57, 120);
insert into warehouses(id, version, warehouse_id, customer_id, order_number, item_code, cost, units) values (326, 1, 3403434, 5003476, 21001330, 9649051, 77.17, 60);
insert into warehouses(id, version, warehouse_id, customer_id, order_number, item_code, cost, units) values (327, 1, 3403434, 5003476, 21001330, 919289, 45.6, 40);
insert into warehouses(id, version, warehouse_id, customer_id, order_number, item_code, cost, units) values (328, 1, 3403434, 5003476, 21001330, 8481541, 96.84, 60);
insert into warehouses(id, version, warehouse_id, customer_id, order_number, item_code, cost, units) values (329, 1, 3403434, 5003476, 21001330, 9003561, 61.13, 60);
insert into warehouses(id, version, warehouse_id, customer_id, order_number, item_code, cost, units) values (330, 1, 3403434, 5003476, 21001330, 887776, 57.8, 60);
insert into warehouses(id, version, warehouse_id, customer_id, order_number, item_code, cost, units) values (331, 1, 3403434, 5003476, 21001330, 802078, 91.52, 100);
insert into warehouses(id, version, warehouse_id, customer_id, order_number, item_code, cost, units) values (332, 1, 3403434, 5003476, 21001330, 8922912, 51.45, 40);
insert into warehouses(id, version, warehouse_id, customer_id, order_number, item_code, cost, units) values (333, 1, 3403434, 5003476, 21001330, 802077, 109.82, 120);
insert into warehouses(id, version, warehouse_id, customer_id, order_number, item_code, cost, units) values (334, 1, 3403434, 5003476, 21001330, 895956, 62.04, 60);
insert into warehouses(id, version, warehouse_id, customer_id, order_number, item_code, cost, units) values (335, 1, 3403434, 5003476, 21001330, 902126, 128.62, 100);
insert into warehouses(id, version, warehouse_id, customer_id, order_number, item_code, cost, units) values (336, 1, 3403434, 5003476, 21001330, 949898, 57.8, 60);
insert into warehouses(id, version, warehouse_id, customer_id, order_number, item_code, cost, units) values (337, 1, 3403434, 5003476, 21001330, 8031256, 27.64, 40);
insert into warehouses(id, version, warehouse_id, customer_id, order_number, item_code, cost, units) values (338, 1, 3403434, 5003476, 21001330, 830865, 117.02, 80);
insert into warehouses(id, version, warehouse_id, customer_id, order_number, item_code, cost, units) values (339, 1, 3403434, 5003476, 21001330, 8308621, 76.87, 120);
insert into warehouses(id, version, warehouse_id, customer_id, order_number, item_code, cost, units) values (340, 1, 3403434, 5003476, 21001330, 8308601, 51.25, 80);
insert into warehouses(id, version, warehouse_id, customer_id, order_number, item_code, cost, units) values (341, 1, 3403434, 5003476, 21001330, 872725, 25.62, 40);
insert into warehouses(id, version, warehouse_id, customer_id, order_number, item_code, cost, units) values (342, 1, 3403434, 5003476, 21001330, 872721, 51.25, 80);
insert into warehouses(id, version, warehouse_id, customer_id, order_number, item_code, cost, units) values (343, 1, 3403434, 5003476, 21001330, 918526, 25.62, 40);
insert into warehouses(id, version, warehouse_id, customer_id, order_number, item_code, cost, units) values (344, 1, 3403434, 5003476, 21001330, 802063, 37.52, 60);
insert into warehouses(id, version, warehouse_id, customer_id, order_number, item_code, cost, units) values (345, 1, 3403434, 5003476, 21001330, 841360, 81.35, 72);
insert into warehouses(id, version, warehouse_id, customer_id, order_number, item_code, cost, units) values (346, 1, 3403434, 5003476, 21001330, 926275, 36.72, 40);
insert into warehouses(id, version, warehouse_id, customer_id, order_number, item_code, cost, units) values (347, 1, 3403434, 5003476, 21001330, 9373901, 21.18, 40);
insert into warehouses(id, version, warehouse_id, customer_id, order_number, item_code, cost, units) values (348, 1, 3403434, 5003476, 21001330, 9262741, 17.75, 40);
insert into warehouses(id, version, warehouse_id, customer_id, order_number, item_code, cost, units) values (349, 1, 3403434, 115, 21000061, 8507322, 0.0, 2);
insert into warehouses(id, version, warehouse_id, customer_id, order_number, item_code, cost, units) values (350, 1, 3403434, 115, 21000061, 968422, 0.0, 1);
insert into warehouses(id, version, warehouse_id, customer_id, order_number, item_code, cost, units) values (351, 1, 3403434, 115, 21000061, 8223161, 0.0, 2);
insert into warehouses(id, version, warehouse_id, customer_id, order_number, item_code, cost, units) values (352, 1, 3403434, 115, 21000061, 942104, 0.0, 5);
insert into warehouses(id, version, warehouse_id, customer_id, order_number, item_code, cost, units) values (353, 1, 3403434, 115, 21000061, 8922931, 0.0, 5);
insert into warehouses(id, version, warehouse_id, customer_id, order_number, item_code, cost, units) values (354, 1, 3403434, 115, 21000061, 8932331, 0.0, 1);
insert into warehouses(id, version, warehouse_id, customer_id, order_number, item_code, cost, units) values (355, 1, 3403434, 115, 21000061, 8418361, 0.0, 20);
insert into warehouses(id, version, warehouse_id, customer_id, order_number, item_code, cost, units) values (356, 1, 3403434, 115, 21000061, 964800, 0.0, 10);
insert into warehouses(id, version, warehouse_id, customer_id, order_number, item_code, cost, units) values (357, 1, 3403434, 115, 21000061, 8209022, 0.0, 5);
insert into warehouses(id, version, warehouse_id, customer_id, order_number, item_code, cost, units) values (358, 1, 3403434, 115, 21000061, 802308, 0.0, 5);
insert into warehouses(id, version, warehouse_id, customer_id, order_number, item_code, cost, units) values (359, 1, 3403434, 115, 21000061, 802305, 0.0, 5);
insert into warehouses(id, version, warehouse_id, customer_id, order_number, item_code, cost, units) values (360, 1, 3403434, 115, 21000061, 918515, 0.0, 2);
insert into warehouses(id, version, warehouse_id, customer_id, order_number, item_code, cost, units) values (361, 1, 3403434, 5002915, 21002048, 830622, 701.1, 510);
insert into warehouses(id, version, warehouse_id, customer_id, order_number, item_code, cost, units) values (362, 1, 3403434, 5002915, 21002048, 952494, 419.41, 216);
insert into warehouses(id, version, warehouse_id, customer_id, order_number, item_code, cost, units) values (363, 1, 3403434, 5002915, 21002048, 952530, 438.44, 260);
insert into warehouses(id, version, warehouse_id, customer_id, order_number, item_code, cost, units) values (364, 1, 3403434, 5002915, 21002048, 918779, 396.25, 2);
insert into warehouses(id, version, warehouse_id, customer_id, order_number, item_code, cost, units) values (365, 1, 3403434, 5002915, 21002048, 943832, 0.0, 5);
insert into warehouses(id, version, warehouse_id, customer_id, order_number, item_code, cost, units) values (366, 1, 3403434, 5002915, 21002514, 8871292, 25.72, 20);
insert into warehouses(id, version, warehouse_id, customer_id, order_number, item_code, cost, units) values (367, 1, 3403434, 5002915, 21002514, 897785, 19.27, 20);
insert into warehouses(id, version, warehouse_id, customer_id, order_number, item_code, cost, units) values (368, 1, 3403434, 5002915, 21002514, 802078, 36.61, 40);
insert into warehouses(id, version, warehouse_id, customer_id, order_number, item_code, cost, units) values (369, 1, 3403434, 5002915, 21002514, 992654, 27.24, 40);
insert into warehouses(id, version, warehouse_id, customer_id, order_number, item_code, cost, units) values (370, 1, 3403434, 5002915, 21002514, 992657, 32.28, 40);
insert into warehouses(id, version, warehouse_id, customer_id, order_number, item_code, cost, units) values (371, 1, 3403434, 5002915, 21002514, 992656, 23.2, 40);
insert into warehouses(id, version, warehouse_id, customer_id, order_number, item_code, cost, units) values (372, 1, 3403434, 5002915, 21002514, 9262741, 8.88, 20);
insert into warehouses(id, version, warehouse_id, customer_id, order_number, item_code, cost, units) values (373, 1, 3403434, 5002915, 21002514, 942047, 17.05, 20);
insert into warehouses(id, version, warehouse_id, customer_id, order_number, item_code, cost, units) values (374, 1, 3403434, 5002915, 21002514, 9017582, 12.95, 24);
insert into warehouses(id, version, warehouse_id, customer_id, order_number, item_code, cost, units) values (375, 1, 3403434, 5002915, 21002514, 8128741, 75.86, 40);
insert into warehouses(id, version, warehouse_id, customer_id, order_number, item_code, cost, units) values (376, 1, 3403434, 5002915, 21002514, 918470, 19.67, 30);
insert into warehouses(id, version, warehouse_id, customer_id, order_number, item_code, cost, units) values (377, 1, 3403434, 5002915, 21002514, 9003561, 20.38, 20);
insert into warehouses(id, version, warehouse_id, customer_id, order_number, item_code, cost, units) values (378, 1, 3403434, 5002915, 21002514, 802077, 73.22, 80);
insert into warehouses(id, version, warehouse_id, customer_id, order_number, item_code, cost, units) values (379, 1, 3403434, 5002915, 21002514, 902126, 51.45, 40);
insert into warehouses(id, version, warehouse_id, customer_id, order_number, item_code, cost, units) values (380, 1, 3403434, 5002915, 21002514, 8022921, 20.07, 20);
insert into warehouses(id, version, warehouse_id, customer_id, order_number, item_code, cost, units) values (381, 1, 3403434, 5002915, 21002514, 837394, 20.38, 20);
insert into warehouses(id, version, warehouse_id, customer_id, order_number, item_code, cost, units) values (382, 1, 3403434, 5002915, 21002514, 992668, 80.7, 50);
insert into warehouses(id, version, warehouse_id, customer_id, order_number, item_code, cost, units) values (383, 1, 3403434, 5002915, 21002514, 999916, 77.17, 60);
insert into warehouses(id, version, warehouse_id, customer_id, order_number, item_code, cost, units) values (384, 1, 3403434, 5002915, 21002514, 8031246, 13.82, 20);
insert into warehouses(id, version, warehouse_id, customer_id, order_number, item_code, cost, units) values (385, 1, 3403434, 5002915, 21002514, 802065, 12.51, 20);
insert into warehouses(id, version, warehouse_id, customer_id, order_number, item_code, cost, units) values (386, 1, 3403434, 5002915, 21002514, 918463, 45.6, 40);
insert into warehouses(id, version, warehouse_id, customer_id, order_number, item_code, cost, units) values (387, 1, 3403434, 5002915, 21002514, 900338, 45.6, 40);
insert into warehouses(id, version, warehouse_id, customer_id, order_number, item_code, cost, units) values (388, 1, 3403434, 5002915, 21002514, 982898, 169.47, 60);
insert into warehouses(id, version, warehouse_id, customer_id, order_number, item_code, cost, units) values (389, 1, 3403434, 5002915, 21002514, 8695976, 82.72, 40);
insert into warehouses(id, version, warehouse_id, customer_id, order_number, item_code, cost, units) values (390, 1, 3403434, 5002915, 21002514, 802063, 25.02, 40);
insert into warehouses(id, version, warehouse_id, customer_id, order_number, item_code, cost, units) values (391, 1, 3403434, 5002915, 21002514, 802064, 12.51, 20);
insert into warehouses(id, version, warehouse_id, customer_id, order_number, item_code, cost, units) values (392, 1, 3403434, 5002915, 21002514, 8128704, 58.4, 60);
insert into warehouses(id, version, warehouse_id, customer_id, order_number, item_code, cost, units) values (393, 1, 3403434, 5002915, 21002514, 8871631, 103.19, 60);
-- insert into warehouses(id, version, warehouse_id, customer_id, order_number, item_code, cost, units) values (394, 1, 3403434, 5002915, 21002514, 967378,